{"cameraMode":{"drawMode":0,"name":"Shaded","section":"Shading Mode"},"sceneLighting":true,"audioPlay":false,"sceneViewState":{"m_AlwaysRefresh":false,"showFog":true,"showSkybox":true,"showFlares":true,"showImageEffects":true,"showParticleSystems":true,"showVisualEffectGraphs":true,"m_FxEnabled":true},"in2DMode":false,"pivot":{"x":-1.539345145225525,"y":-3.4129462242126467,"z":12.666500091552735},"rotation":{"x":-0.2914522886276245,"y":0.02096465229988098,"z":-0.006373969372361898,"w":-0.9563594460487366},"size":28.446176528930665,"orthographic":false}